{"cameraMode":{"drawMode":0,"name":"Shaded","section":"Shading Mode"},"sceneLighting":false,"audioPlay":false,"sceneViewState":{"m_AlwaysRefresh":false,"showFog":true,"showSkybox":false,"showFlares":true,"showImageEffects":true,"showParticleSystems":true,"showVisualEffectGraphs":true,"m_FxEnabled":true},"in2DMode":false,"pivot":{"x":-0.0000015012919902801514,"y":0.03295549750328064,"z":0.2382500171661377},"rotation":{"x":-0.1079370304942131,"y":0.8916478157043457,"z":-0.29432904720306399,"w":-0.3272104263305664},"size":0.5406538248062134,"orthographic":false}