{"cameraMode":{"drawMode":0,"name":"Shaded","section":"Shading Mode"},"sceneLighting":false,"audioPlay":false,"sceneViewState":{"m_AlwaysRefresh":false,"showFog":true,"showSkybox":false,"showFlares":true,"showImageEffects":true,"showParticleSystems":true,"showVisualEffectGraphs":true,"m_FxEnabled":true},"in2DMode":false,"pivot":{"x":0.9761018753051758,"y":0.8385791778564453,"z":1.8580306768417359},"rotation":{"x":-0.07737849652767182,"y":0.9037444591522217,"z":-0.18369688093662263,"w":-0.37963375449180605},"size":0.12119979411363602,"orthographic":false}