{"cameraMode":{"drawMode":0,"name":"Shaded","section":"Shading Mode"},"sceneLighting":true,"audioPlay":false,"sceneViewState":{"m_AlwaysRefresh":false,"showFog":true,"showSkybox":true,"showFlares":true,"showImageEffects":true,"showParticleSystems":true,"showVisualEffectGraphs":true,"m_FxEnabled":true},"in2DMode":false,"pivot":{"x":3.413649797439575,"y":46.888099670410159,"z":-2.4368844032287599},"rotation":{"x":-0.6040694713592529,"y":-0.00598098011687398,"z":0.004531545098870993,"w":-0.7969139814376831},"size":1.1930451393127442,"orthographic":false}